ERR1415571,CABFXZ
ERR1541282,CABFXI
ERR1541288,CABFXO
ERR1217070,CABFXJ
ERR1228344,CABFXQ
ERR1541332,CABFYA
ERR1217062,CABFXW
ERR1217022,CABFXN
ERR1514899,CABFXL
ERR1205063,CABFXX
ERR1415759,CABFWS
ERR1541349,CABFXA
ERR1228272,CABFWY
ERR1289773,CABFXE
ERR1217480,CABFWR
ERR1228392,CABFXB
ERR1228177,CABFXG
ERR1289817,CABFWX
ERR1228256,CABFWZ
ERR1541448,UJWM02
ERR1415632,CABFXC
ERR1217248,CABFWT
ERR1289725,CABFXR
ERR1541564,CABFXY
ERR1217147,CABFXS
ERR1374927,CABFYB
ERR1374918,CABFYT
ERR1334616,CABFYN
ERR1228383,CABFYR
ERR1415555,CABFYJ
ERR1217353,CABFYU
ERR1217437,CABFYG
ERR1228156,CABFYH
ERR1217019,CABFYC
ERR1217415,CABFYQ
ERR1204826,CABFYF
ERR1217217,CABFYE
ERR1217430,CABFYD
ERR1217341,CABFYL
ERR1217328,CABFYS
ERR1228143,CABFYK
ERR1514919,CABFYM
ERR1514912,CABFYI
ERR1217396,CABFYY
ERR1228167,CABFZG
ERR1289736,CABFZA
ERR1217200,CABFYZ
ERR1216970,UKKH02
ERR1289775,CABFZH
ERR1204864,CABFZC
ERR1217160,CABFZV
ERR1217097,CABGAA
ERR1217142,CABGAG
ERR1334496,CABGAI
ERR1204829,CABFZZ
ERR1217020,CABGAK
ERR1217440,CABGAO
ERR1217457,CABGAQ
ERR1217279,CABGAR
ERR1216962,CABGAZ
ERR1334441,CABGAX
ERR1514913,CABGAY
ERR1514966,CABGBH
ERR1228371,CABGBK
ERR1217129,CABGBM
ERR1228387,ULAV02
ERR1204866,CABFWU
ERR1374911,CABFWV
ERR1374879,CABFWQ
ERR1216965,CABFXF
ERR1514950,CABFWP
ERR1334506,CABFWW
ERR1415824,CABFXD
ERR1415790,CABFXV
ERR1217158,UKPR02
ERR1204943,CABFXT
ERR1334587,CABFXU
ERR1204827,CABFXK
ERR1334627,CABFXP
